Toppagina's,Aantal klikken,Vertoningen,CTR,Positie
https://dynique.nl/,27,172,15.7%,3.48
https://www.dynique.nl/,6,252,2.38%,9.29
https://dynique.nl/portfolio/stacy-kohnen,3,253,1.19%,9
https://dynique.nl/diensten/processen/limburg,1,579,0.17%,16.37
https://dynique.nl/over-ons,1,70,1.43%,4.84
https://dynique.nl/portfolio/chefs-connect,1,60,1.67%,9.43
https://dynique.nl/portfolio/ijssalon-italia,1,58,1.72%,10.53
https://dynique.nl/diensten/drone,1,57,1.75%,53.65
https://dynique.nl/diensten,1,52,1.92%,1.98
https://dynique.nl/portfolio,1,12,8.33%,9.25
https://dynique.nl/locaties/eindhoven,0,7794,0%,61.76
https://dynique.nl/locaties/heerlen,0,1923,0%,46.47
https://dynique.nl/locaties/sittard,0,1215,0%,36.94
https://dynique.nl/locaties/maastricht,0,327,0%,47.09
https://dynique.nl/diensten/processen,0,280,0%,56.56
https://dynique.nl/diensten/web,0,134,0%,52.52
https://dynique.nl/maatwerk-software/installatiebedrijf,0,94,0%,51.48
https://dynique.nl/maatwerk-software/logistiek,0,92,0%,30.89
https://dynique.nl/contact,0,63,0%,7.44
https://dynique.nl/maatwerk-software/zorg,0,26,0%,21.08
https://dynique.nl/portfolio/sa-personeel,0,18,0%,7.28
https://dynique.nl/diensten/marketing,0,17,0%,15.06
https://dynique.nl/eerste-website,0,14,0%,6
https://dynique.nl/maatwerk-software/bouw,0,12,0%,54.83
https://dynique.nl/portfolio/creemers-exclusive,0,10,0%,63.3
https://dynique.nl/vervanging,0,6,0%,5.5
https://dynique.nl/portfolio/house-of-chocolate,0,3,0%,1.67
https://dynique.nl/blog/n8n-make-zapier,0,3,0%,2.33
https://dynique.nl/locaties/aken,0,3,0%,3
https://dynique.nl/portfolio/auwt-aelse,0,2,0%,6.5