Meest uitgevoerde zoekopdrachten,Aantal klikken,Vertoningen,CTR,Positie
dynique,29,132,21.97%,7.09
stacy kohnen,3,163,1.84%,9.13
chefs connect,1,37,2.7%,7.24
website laten maken eindhoven,0,1496,0%,64.71
webdesign eindhoven,0,961,0%,57.53
website laten maken geldrop,0,607,0%,59.25
seo bureau heerlen,0,315,0%,54.04
webdesign bureau eindhoven,0,301,0%,31.5
maatwerk software limburg,0,288,0%,12.72
website laten maken heerlen,0,280,0%,27.77
webbureau eindhoven,0,268,0%,48.42
website bouwer eindhoven,0,251,0%,65.08
webdesign nuenen,0,234,0%,76.52
online marketing bureau heerlen,0,217,0%,63.7
website laten maken sittard,0,192,0%,24.2
webdesign heerlen,0,192,0%,29.85
online marketing bureau sittard,0,185,0%,52.75
app laten maken limburg,0,184,0%,20.97
seo specialist heerlen,0,179,0%,74.25
webdesigner eindhoven,0,175,0%,58.79
linkbuilding eindhoven,0,157,0%,70.95
website maken eindhoven,0,147,0%,65.57
website laten maken son en breugel,0,147,0%,83.91
wordpress website laten maken eindhoven,0,143,0%,86.66
webbouwer eindhoven,0,141,0%,52.47
mobile app development,0,137,0%,7.86
online marketing heerlen,0,123,0%,61.54
marketing bureau heerlen,0,122,0%,40.62
software op maat limburg,0,122,0%,51.54
maatwerk software eindhoven,0,121,0%,80.99
web development eindhoven,0,120,0%,45.27
webdesign bureau heerlen,0,119,0%,21.16
website bouwen eindhoven,0,113,0%,64.59
professionele website laten maken eindhoven,0,113,0%,87.15
internetbureau eindhoven,0,108,0%,61.24
webdevelopment eindhoven,0,107,0%,52.47
seo bureau sittard-geleen,0,101,0%,25.59
seo specialist sittard-geleen,0,96,0%,37.98
seo sittard-geleen,0,89,0%,25.76
webshop bouwen eindhoven,0,84,0%,81.74
website laten bouwen eindhoven,0,79,0%,72.87
websites eindhoven,0,76,0%,57.57
website design eindhoven,0,75,0%,61.68
website laten ontwikkelen eindhoven,0,74,0%,63.65
eindhoven website ontwerp,0,73,0%,69.9
app laten maken eindhoven,0,71,0%,57
seo sittard,0,69,0%,40.99
online marketing sittard,0,66,0%,76.11
web design eindhoven,0,65,0%,57.05
marketingbureau heerlen,0,60,0%,56.6
wordpress specialist eindhoven,0,60,0%,83.73
internetbureau maastricht,0,60,0%,87.1
websitebouwer eindhoven,0,59,0%,55.95
website op maat maastricht,0,55,0%,46.71
internet marketing heerlen,0,55,0%,58.78
maatwerk website eindhoven,0,55,0%,78.4
webontwikkeling eindhoven,0,50,0%,50.8
webwinkel laten maken eindhoven,0,50,0%,70.04
eindhoven website maken,0,50,0%,71.62
internet marketing sittard,0,49,0%,49.71
website bureau eindhoven,0,46,0%,39.63
webdesign sittard,0,45,0%,25.6
website laten maken maastricht,0,44,0%,31.23
eindhoven webdesign,0,44,0%,53.7
website laten maken werkhoven,0,40,0%,70.47
website laten maken parkstad,0,37,0%,20.24
maatwerk software breda,0,35,0%,59.17
webhosting eindhoven,0,34,0%,37.53
website laten maken in eindhoven,0,33,0%,64.7
groeibureau eindhoven,0,32,0%,44.47
webapplicatie laten maken sneek,0,32,0%,88.91
software limburg,0,31,0%,32.97
app laten maken maastricht,0,31,0%,76.03
creatief bureau brainport,0,28,0%,31.07
reclamebureau heerlen,0,28,0%,31.86
webontwikkelaar eindhoven,0,28,0%,43.68
website specialist eindhoven,0,28,0%,64.04
app ontwikkeling eindhoven,0,28,0%,70.14
website bouwen sittard,0,27,0%,26.37
webapplicatie ontwikkelen eindhoven,0,27,0%,44.59
wordpress ontwikkeling eindhoven,0,27,0%,79.81
webdeveloper eindhoven,0,26,0%,42.15
seo bureau voor mkb bedrijven eindhoven,0,26,0%,49.62
planning software logistiek,0,26,0%,51.23
digitaal bureau eindhoven,0,26,0%,67.73
maatwerk applicatie ontwikkeling eindhoven,0,26,0%,69.73
website bouwen veldhoven,0,26,0%,74.38
beste website maker eindhoven,0,26,0%,75.42
website maken sittard,0,25,0%,26
webdesign bedrijf maastricht,0,25,0%,30.28
webapplicatie laten ontwikkelen eindhoven,0,25,0%,34.56
webdesign in eindhoven,0,25,0%,60.92
seo en ai optimalisatie voor bedrijven eindhoven,0,25,0%,67.44
maatwerk software ontwikkeling eindhoven,0,25,0%,77.36
start-up branding eindhoven,0,24,0%,20.5
webdesigner heerlen,0,24,0%,32.54
webdevelopment heerlen,0,24,0%,36.12
webapplicatie eindhoven,0,24,0%,45
backlinks eindhoven,0,24,0%,54.33
marketing heerlen,0,24,0%,61.17
maatwerk webapplicatie eindhoven,0,24,0%,64.46
reclamebureau geleen,0,23,0%,22.26
maatwerk software voor logistiek,0,23,0%,23.09
website bouwen maastricht,0,23,0%,38.91
website bedrijf maastricht,0,23,0%,40.52
marketingbureau sittard,0,23,0%,51.04
maatwerk applicaties eindhoven,0,23,0%,58.83
website optimalisatie eindhoven,0,23,0%,69.43
website maken veldhoven,0,23,0%,78.04
maatwerk software voor zorg,0,22,0%,22.86
webontwerp maastricht,0,22,0%,32.27
wordpress specialist heerlen,0,22,0%,33.27
software installateur,0,22,0%,57.91
goedkoop website maken eindhoven,0,22,0%,69.55
website laten maken zzp eersel,0,22,0%,83.09
communicatiebureau heerlen,0,21,0%,37.9
site laten maken in maastricht,0,21,0%,39.14
planning software installatiebedrijf,0,21,0%,46.43
videoproductie heerlen,0,20,0%,54.35
sea bureau eindhoven,0,20,0%,72.3
web development,0,19,0%,9
b2b eindhoven,0,18,0%,37.28
website laten maken geleen,0,17,0%,23.53
webdesignbureau eindhoven,0,17,0%,32.76
software agency limburg,0,16,0%,13.12
webdesign geleen,0,16,0%,23.56
webdesigner geleen,0,16,0%,27.69
website maken maastricht,0,16,0%,33.25
website laten maken kerkrade,0,16,0%,46.31
app ontwikkelen heerlen,0,16,0%,62.88
beste webdesigner eindhoven,0,15,0%,59.33
app development,0,14,0%,18.21
logistiek maatwerk software,0,14,0%,22
maatwerksoftware mkb,0,14,0%,52.5
website laten maken domburg,0,14,0%,94.5
transport maatwerk software,0,13,0%,14.62
finetic eindhoven,0,13,0%,19.77
software bedrijven limburg,0,13,0%,26.31
app ontwikkeling limburg,0,13,0%,42.69
wordpress eindhoven,0,13,0%,65.23
software heerlen,0,12,0%,28.83
wordpress webdesign geleen,0,11,0%,23.82
ritplanning software,0,11,0%,29.27
website laten maken ijssalons,0,11,0%,33.45
maatwerk software vlissingen,0,11,0%,39.64
werkbon software installatiebedrijf,0,11,0%,58.36
webdesigners eindhoven,0,11,0%,60.73
website laten bouwen in maastricht,0,10,0%,40.6
webdesigner maastricht,0,10,0%,48.2
maatwerk bedrijfsapplicatie,0,10,0%,63.4
sa personeel,0,9,0%,5
planning installatiebedrijf,0,9,0%,33.33
software montagebedrijven,0,9,0%,39
websitebouw eindhoven,0,9,0%,43.22
dronevideo laten maken in culemborg,0,9,0%,76.67
webdesign bureau sittard,0,8,0%,11.88
webdesign sittard geleen,0,8,0%,15.62
maatwerk software goes,0,8,0%,37.25
installatietechniek app,0,8,0%,67.88
seo bedrijf eindhoven,0,8,0%,78.62
website ontwerpen maastricht,0,7,0%,40
dronevideo voor evenementen venlo,0,7,0%,78
website laten maken eindhoven bedrijf,0,7,0%,82.29
seo specialist sittard,0,7,0%,89.71
chefsconnect,0,6,0%,8.83
webshop laten maken sittard,0,6,0%,27.17
professionele website laten maken geleen,0,6,0%,29.5
web eindhoven,0,6,0%,42.17
drone video venlo,0,6,0%,42.5
seo geleen,0,6,0%,44.17
planning monteurs installatie,0,6,0%,51
wordpress seo agency eindhoven,0,6,0%,52.33
bedrijfsapplicatie laten maken,0,6,0%,82.33
redesignen website,0,5,0%,6
chef connect,0,5,0%,13
webdesign strijp,0,5,0%,14
marketing bureau sittard,0,5,0%,38
seo sea bureau eindhoven weert,0,5,0%,60.8
calculatie software laten maken,0,5,0%,81.8
maatwerk software zorg,0,4,0%,11.25
webdesigner portfolio eindhoven,0,4,0%,23.5
ontwerpbureau heerlen,0,4,0%,32.5
mobielvriendelijk website heerlen,0,4,0%,32.75
industriele locatie sittard,0,4,0%,34.5
ai seo bureau eindhoven,0,4,0%,59.25
sfeerimpressie met drone venlo,0,4,0%,61.5
digitale oplossingen op maat,0,4,0%,61.75
seo specialist mkb eindhoven,0,4,0%,72.25
website laten maken westerhoven,0,4,0%,97.25
cz contact,0,3,0%,7.67
web hosting,0,3,0%,12.33
website laten maken hoensbroek,0,3,0%,39.67
web design maastricht,0,3,0%,45.67
logo laten maken heerlen,0,3,0%,58
website ontwikkeling eindhoven,0,3,0%,58.33
progressive web app ontwikkelaar limburg,0,3,0%,61.67
custom website eindhoven,0,3,0%,66
hosting,0,2,0%,13
mobielvriendelijk website parkstad,0,2,0%,26.5
business platform eindhoven,0,2,0%,28
agency software op maat,0,2,0%,44.5
installatiebedrijf software,0,2,0%,53
website bouwen de kempen,0,2,0%,57.5
full service internetbureau eindhoven,0,2,0%,60.5
goedkope website eindhoven,0,2,0%,60.5
ai voor seo eindhoven,0,2,0%,61.5
grafisch ontwerp geleen,0,2,0%,63
website beter vindbaar maken eindhoven,0,2,0%,64
wordpress bureau eindhoven,0,2,0%,65
app ontwikkelaar in eindhoven,0,2,0%,66
drone natuurbeelden limburg,0,2,0%,67
eindhoven wordpress specialist,0,2,0%,69.5
seo bureau eindhoven,0,2,0%,72
website laten maken regio eindhoven,0,2,0%,73.5
webdesign veldhoven,0,2,0%,74
website laten maken zevenhoven,0,2,0%,98.5
maatwerk,0,1,0%,1
website voor ijssalons,0,1,0%,1
oui,0,1,0%,3
afbeelding,0,1,0%,5
website,0,1,0%,7
cz,0,1,0%,8
freelance app developers near me,0,1,0%,9
ijssalon italia vaals,0,1,0%,10
website laten maken knegsel,0,1,0%,14
transport & logistiek software maatwerk nederland,0,1,0%,22
logistieke software op maat,0,1,0%,29
webdesign bureau grathem,0,1,0%,29
dunique,0,1,0%,33
webhosting sittard,0,1,0%,34
social4k.live gratis,0,1,0%,37
branding sittard,0,1,0%,38
webhosting maastricht,0,1,0%,45
webshop laten maken maastricht,0,1,0%,46
dydepune,0,1,0%,47
bedrijfsprocessen software,0,1,0%,58
multimedia eindhoven,0,1,0%,59
website laten maken zuid limburg,0,1,0%,61
software technische dienst,0,1,0%,63
internetmarketing eindhoven,0,1,0%,64
linkbuilding bureau eindhoven,0,1,0%,64
software ontwikkelen maastricht,0,1,0%,64
maatwerk software zierikzee,0,1,0%,65
seo expert nieuwegein,0,1,0%,67
website laten maken veldhoven,0,1,0%,69
software voor technische dienst,0,1,0%,70
software technische dienstverlening,0,1,0%,74
webdesigner son en breugel,0,1,0%,80
grafisch ontwerp sittard,0,1,0%,81
seo specialist,0,1,0%,82
enterprise cms eindhoven,0,1,0%,84
ritplanning,0,1,0%,84
storyblok bureau eindhoven,0,1,0%,85
branche software op maat,0,1,0%,97
dronevideo laten maken in beuningen,0,1,0%,98
werkinstructie laten maken,0,1,0%,98
dronevideo laten maken in renkum,0,1,0%,100